top_player_x,top_player_y,bottom_player_x,bottom_player_y,ball_x,ball_y,ball_speed,bounce_x,bounce_y
92,46,45,306,,,,,
92,49,46,306,,,,,
91,49,46,307,,,,,
92,46,46,307,,,,,
92,46,46,307,,,,,
91,49,46,306,,,,,
91,52,45,306,,,,,
91,49,46,305,,,,,
92,51,46,305,,,,,
92,43,46,306,,,,,
93,42,46,305,,,,,
92,43,46,306,,,,,
91,49,46,306,,,,,
91,49,46,306,,,,,
91,49,46,306,,,,,
91,46,46,306,,,,,
92,48,47,306,,,,,
91,50,46,305,,,,,
92,49,46,306,,,,,
91,50,46,305,,,,,
92,49,46,306,,,,,
92,49,46,306,,,,,
91,48,46,306,,,,,
91,49,46,306,,,,,
91,48,46,305,314,-54,,,
91,46,46,305,,,,,
91,43,46,305,303,68,449.14,,
91,43,46,305,300,68,,,
90,48,46,305,,,,,
90,48,46,305,,,,,
92,43,46,305,,,,,
90,48,46,305,,,,,
91,52,46,305,,,,,
91,55,46,304,,,,,
91,55,46,304,,,,,
91,55,46,304,,,,,
91,52,46,305,,,,,
91,52,46,305,,,,,
91,49,47,305,,,,,
90,48,47,305,,,,,
90,48,47,305,,,,,
90,41,46,305,,,,,
90,48,47,305,,,,,
90,48,47,306,,,,,
90,52,47,305,,,,,
90,48,47,305,,,,,
90,55,47,306,,,,,
90,52,47,305,,,,,
90,52,47,305,,,,,
90,53,47,305,,,,,
90,49,47,305,,,,,
90,49,47,306,,,,,
90,49,47,305,,,,,
91,46,47,306,,,,,
46,305,,,,,,,
92,43,47,305,,,,,
47,305,,,,,,,
47,305,,,,,,,
47,305,,,,,,,
90,44,47,305,,,,,
90,41,47,305,,,,,
90,45,46,305,365,-116,,,
91,35,46,305,416,-186,,,
91,35,46,305,,,,,
91,35,47,305,,,,,
92,30,46,305,,,,,
46,305,,,,,,,
46,305,,,,,,,
46,305,,,,,,,
46,305,,,89,-34,,,
92,45,46,305,,,,,
92,46,46,305,,,,,
93,41,46,304,,,,,
92,46,47,305,,,,,
94,40,46,305,,,,,
93,40,47,305,,,,,
93,46,47,305,,,,,
93,43,46,305,,,,,
93,43,46,305,,,,,
93,40,47,305,,,,,
93,43,47,306,,,,,
47,305,,,,,,,
91,48,48,305,,,,,
93,55,47,306,,,,,
91,44,47,306,91,-35,,,
90,50,47,305,92,-38,,,
91,44,48,305,,,,,
90,47,47,305,,,,,
90,41,47,306,,,,,
91,31,47,305,94,-132,,,
91,41,48,305,93,-166,,,
91,45,47,304,83,-197,241.59,,
47,304,,,,,,,
48,304,,,91,-252,203.72,,
48,304,,,94,-267,,,
48,303,,,90,-231,77.1,,
48,303,,,93,-289,80.76,,
48,303,,,90,-231,0.0,,
91,43,49,303,94,-421,484.11,,
91,45,49,302,97,-371,514.04,,
90,43,49,302,97,-388,121.5,,
90,43,49,301,,,,,
89,45,50,300,,,,,
89,58,50,300,,,,,
88,60,50,300,,,,,
89,55,50,300,,,,,
88,60,50,300,,,,,
88,60,50,300,,,,,
87,58,50,300,,,,,
88,46,50,301,92,-343,,,
89,48,50,300,97,-347,,,
89,48,50,300,97,-348,25.59,,
89,59,50,300,95,-227,440.14,,
89,56,51,300,92,-289,217.11,,
88,60,51,300,92,-229,12.98,,
88,53,51,300,91,-182,392.42,,
89,48,51,301,90,-199,110.25,,
87,56,52,299,91,-176,22.0,,
88,48,53,300,,,,,
88,41,52,300,,,,,
90,50,54,300,,,,,
89,53,53,300,,,,,
89,51,53,300,78,-98,,,
89,53,54,300,,,,,
88,51,55,302,,,,,
88,53,55,301,,,,,
88,53,56,301,77,70,,,
57,302,,,77,90,,,
87,56,59,302,75,112,154.19,,
89,51,58,303,,,,,
90,53,59,303,75,150,139.36,,
89,56,59,303,75,168,,,
88,64,60,303,,,,,
88,64,59,303,,,,,
89,60,59,303,,,,,
89,60,59,303,73,219,,,
88,70,59,303,73,220,,,
90,64,58,304,73,222,11.0,,
88,72,58,304,73,225,18.34,,
89,66,58,305,73,226,14.67,,
90,58,58,304,72,229,15.1,,
90,62,57,304,71,233,26.65,,
91,59,58,305,72,237,29.34,,
90,58,58,305,71,242,33.01,,
89,68,58,305,70,246,33.77,,
90,66,58,305,71,252,36.67,,
90,64,59,305,72,256,37.36,,
90,68,58,305,71,262,36.67,,
90,68,58,306,71,268,44.15,,
91,68,60,306,71,274,44.01,,
90,70,61,306,72,279,40.5,,
90,68,61,306,71,285,40.34,,
90,70,,,72,290,40.34,,
91,58,,,,,,,
91,58,,,69,280,38.2,,
90,61,,,68,272,,,
91,60,60,306,67,264,59.11,,
90,63,60,306,65,255,63.26,,
90,63,61,307,64,247,63.26,,
91,66,62,308,64,238,62.45,,
90,63,62,307,61,232,56.04,,
90,63,62,307,60,222,60.39,,
91,60,65,308,59,212,73.69,,
91,60,65,308,58,205,62.75,,
91,60,67,307,57,194,66.4,,
90,66,66,307,55,189,59.65,,
90,63,66,307,54,181,48.86,,
90,63,66,307,53,174,55.47,,
90,60,67,307,51,162,70.5,,
90,64,67,308,51,158,59.11,,
90,64,68,307,50,154,29.56,,
90,60,68,308,49,145,48.21,,
90,60,69,307,49,140,51.47,,
88,68,69,308,48,140,18.68,,
88,63,69,307,48,134,22.29,,
88,68,71,307,48,131,33.01,,
88,62,71,307,47,127,25.92,,
88,66,72,307,46,124,26.65,,
86,66,72,307,,,,,
85,68,73,307,,,,,
84,66,73,307,,,,,
84,58,74,307,,,,,
82,66,75,307,,,,,
83,62,74,307,47,124,,,
81,66,75,307,,,,,
81,66,76,307,49,131,26.65,,
80,73,78,307,49,134,,,
80,64,79,307,50,132,5.12,,
81,69,80,307,50,136,8.16,,
78,66,80,308,,,,,
76,69,80,307,50,141,18.34,,
76,73,80,307,51,149,,,
80,307,,,52,145,16.31,,
74,73,80,307,50,139,36.85,,
73,73,81,307,,,,,
73,75,81,307,49,137,8.16,,
73,77,81,306,49,131,,,
71,63,82,306,48,123,51.47,,
71,65,82,306,47,120,40.97,,
69,58,84,306,46,109,51.84,,
68,63,83,307,46,111,33.2,,
68,60,84,307,45,99,36.85,,
68,67,84,307,44,89,81.0,,
68,77,85,306,43,88,40.97,,
67,79,86,306,,,,,
66,79,86,305,,,,,
66,84,85,304,,,,,
65,81,87,303,,,,,
65,81,88,301,,,,,
64,81,88,300,,,,,
64,81,88,300,,,,,
63,80,88,299,,,,,
62,86,88,299,,,,,
63,82,90,299,,,,,
62,90,89,299,,,,,
62,90,89,299,,,,,
61,91,90,298,,,,,
61,90,90,299,,,,,
60,92,90,299,49,117,,,
60,92,91,298,,,,,
59,87,92,298,,,,,
59,87,92,296,,,,,
58,87,,,48,113,,,
59,94,,,,,,,
59,88,,,,,,,
58,94,93,293,,,,,
58,90,94,293,,,,,
58,96,94,293,,,,,
58,90,94,293,,,,,
58,96,94,292,,,,,
57,97,94,292,,,,,
57,99,94,291,,,,,
57,94,96,292,,,,,
57,94,96,291,,,,,
58,95,96,292,,,,,
54,92,97,291,,,,,
54,94,98,291,,,,,
54,97,98,290,323,35,,,
53,95,99,290,,,,,
54,95,99,290,,,,,
54,97,99,290,,,,,
53,102,99,289,,,,,
55,106,100,289,,,,,
53,99,100,290,,,,,
54,100,100,290,,,,,
53,104,100,290,,,,,
53,103,101,289,,,,,
53,101,101,290,,,,,
52,104,101,290,,,,,
52,105,102,290,,,,,
51,109,104,288,,,,,
50,106,104,288,,,,,
51,105,105,288,,,,,
51,103,104,288,,,,,
51,103,105,289,,,,,
49,104,105,289,,,,,
49,107,106,289,,,,,
48,104,106,289,,,,,
49,105,106,289,,,,,
48,104,106,290,,,,,
48,104,106,290,,,,,
48,106,106,290,471,-127,,,
48,107,107,290,,,,,
47,104,107,291,,,,,
47,105,107,290,,,,,
46,108,108,290,,,,,
46,102,109,291,,,,,
46,106,109,291,,,,,
44,103,110,291,351,22,,,
45,108,110,291,,,,,
43,100,110,291,,,,,
45,107,111,291,,,,,
47,106,111,292,,,,,
45,110,111,292,,,,,
47,111,112,294,,,,,
47,113,111,294,,,,,
45,116,111,294,,,,,
44,111,111,295,,,,,
45,116,111,296,,,,,
44,111,111,295,,,,,
45,114,112,295,,,,,
46,113,112,295,,,,,
44,114,112,296,,,,,
44,114,112,296,,,,,
44,114,,,356,8,,,
45,114,,,,,,,
45,116,,,,,,,
47,111,,,,,,,
47,111,,,,,,,
47,114,113,297,,,,,
47,114,114,297,,,,,
47,119,114,298,,,,,
47,119,114,298,,,,,
48,125,113,298,,,,,
47,117,115,299,,,,,
46,121,115,299,,,,,
45,117,115,299,,,,,
46,115,115,300,,,,,
46,115,116,299,,,,,
46,118,115,300,342,40,,,
48,119,115,301,,,,,
48,119,115,301,,,,,
47,121,116,300,,,,,
49,120,117,300,,,,,
47,118,117,300,,,,,
46,117,117,300,377,14,,,
48,117,118,301,353,30,,,
49,120,118,301,,,,,
49,122,,,,,,,
50,117,119,304,,,,,
47,118,118,303,,,,,
50,120,118,305,,,,,
49,123,118,306,,,,,
49,123,,,,,,,
49,121,118,306,,,,,
50,123,119,307,,,,,
50,120,119,307,,,,,
51,118,118,306,,,,,
51,121,119,306,,,,,
51,121,119,306,,,,,
51,123,119,306,352,38,,,
52,126,120,306,,,,,
52,126,120,306,,,,,
53,124,120,306,,,,,
53,127,121,306,,,,,
53,127,121,306,,,,,
54,126,121,306,,,,,
53,128,121,306,,,,,
53,128,121,306,,,,,
54,131,121,307,,,,,
53,128,121,306,,,,,
53,125,121,307,,,,,
55,125,121,307,132,291,,,
55,129,121,306,,,,,
55,129,121,306,,,,,
55,127,121,307,,,,,
56,128,122,306,,,,,
56,128,122,306,,,,,
56,127,122,306,56,117,,,
55,128,123,306,,,,,
55,128,123,306,,,,,
55,126,123,305,,,,,
54,129,125,306,,,,,
54,129,125,306,,,,,
55,128,125,306,,,,,
55,132,125,306,,,,,
56,128,125,306,,,,,
56,128,125,306,,,,,
55,129,126,306,,,,,
55,129,126,306,,,,,
55,129,126,306,,,,,
56,130,126,306,,,,,
56,130,126,306,,,,,
56,129,126,307,,,,,
57,131,126,306,,,,,
57,130,127,306,,,,,
58,135,127,306,,,,,
56,134,126,306,,,,,
56,134,126,306,,,,,
57,134,,,,,,,
57,137,126,306,,,,,
56,134,126,306,,,,,
56,134,,,,,,,
57,135,,,55,91,,,
57,135,,,,,,,
56,136,,,,,,,
57,137,,,,,,,
57,136,,,,,,,
57,140,,,,,,,
57,135,,,52,80,,,
57,135,,,51,76,,,
57,137,,,,,,,
57,137,,,,,,,
57,137,,,,,,,
57,137,,,,,,,
57,137,,,,,,,
57,137,,,,,,,
57,138,,,,,,,
57,137,122,306,,,,,
57,137,122,306,,,,,
57,139,,,,,,,
57,137,,,,,,,
57,137,121,306,,,,,
58,140,,,52,120,,,
59,136,,,,,,,
58,139,,,,,,,
58,139,,,51,92,,,
57,136,,,50,76,,,
58,141,118,306,,,,,
59,137,117,306,,,,,
59,137,,,56,77,,,
59,142,,,,,,,
59,142,,,,,,,
59,137,,,59,60,,,
59,141,,,60,70,,,
59,139,,,61,63,13.11,,
59,143,,,62,71,8.02,,
59,143,,,63,71,30.19,,
59,140,,,66,69,16.05,,
60,142,,,69,72,21.72,,
60,141,,,70,80,42.79,,
58,141,,,69,78,22.0,,
59,141,112,307,72,88,30.19,,
59,140,111,307,74,90,47.49,,
59,143,,,74,106,66.4,,
60,141,,,77,112,81.39,,
58,143,,,79,120,54.36,,
58,143,,,80,125,48.86,,
59,148,110,306,82,142,81.39,,
60,149,110,306,84,151,96.41,,
59,146,109,306,85,157,56.04,,
59,145,108,307,87,166,56.04,,
59,145,108,307,88,175,66.88,,
60,148,108,307,89,187,77.34,,
59,145,107,307,90,192,62.75,,
60,146,107,307,91,202,55.47,,
59,146,107,306,92,209,62.75,,
58,147,106,306,92,220,66.11,,
59,146,106,307,93,228,69.77,,
59,146,105,307,93,235,55.13,,
60,150,105,307,94,242,51.47,,
59,147,105,306,94,251,58.79,,
59,147,105,306,95,256,51.47,,
59,146,105,306,95,257,22.29,95,257
60,146,,,97,255,8.02,,
61,147,,,98,254,15.35,,
59,147,,,99,254,8.02,,
61,145,104,307,101,251,15.35,,
60,149,103,306,101,252,10.23,,
60,150,103,306,102,252,5.12,,
61,151,102,306,103,252,7.14,,
60,145,102,305,104,251,8.02,,
60,146,101,306,105,251,8.02,,
60,147,101,306,106,252,8.02,,
60,146,101,306,107,253,10.23,,
61,147,102,306,109,254,12.98,,
60,146,101,306,109,254,8.02,,
61,144,101,307,110,256,8.16,,
60,146,101,306,111,258,16.31,,
60,146,101,306,112,260,16.31,,
61,144,102,307,113,262,16.31,,
60,146,102,306,114,265,19.68,,
60,148,101,306,113,268,22.0,,
60,146,102,306,114,271,22.0,,
59,148,101,304,114,274,22.29,,
59,152,101,305,114,277,22.0,,
59,147,102,304,,,,,
59,147,102,304,,,,,
59,152,102,304,114,276,,,
59,149,102,303,113,274,,,
60,148,102,303,114,275,3.67,,
59,147,101,304,112,274,3.57,,
59,150,103,304,112,274,8.02,,
59,149,102,304,112,275,3.67,,
59,149,102,303,111,275,5.12,,
60,147,103,303,111,275,3.57,,
59,150,102,303,110,276,5.12,,
59,145,102,304,109,278,13.11,,
59,145,101,304,108,279,13.11,,
58,147,101,304,,,,,
58,146,101,304,51,117,627.97,,
60,142,101,305,,,,,
59,141,101,305,,,,,
58,141,100,305,,,,,
58,142,101,305,,,,,
59,141,102,305,,,,,
58,142,101,305,,,,,
59,144,101,305,,,,,
58,142,101,304,,,,,
59,142,101,305,,,,,
59,142,101,305,,,,,
59,144,101,305,,,,,
59,142,100,305,,,,,
60,141,100,305,,,,,
59,140,99,306,,,,,
59,139,100,305,,,,,
59,137,99,305,,,,,
60,139,100,305,,,,,
60,141,99,305,,,,,
60,138,99,305,271,143,,,
60,139,99,305,,,,,
60,138,99,305,,,,,
61,137,99,306,323,10,,,
60,140,98,305,,,,,
61,136,98,306,,,,,
61,136,98,306,,,,,
61,136,98,305,,,,,
60,136,97,305,58,118,,,
60,136,97,305,,,,,
60,140,97,305,,,,,
61,136,98,305,,,,,
60,137,98,305,,,,,
62,141,98,305,,,,,
61,137,98,304,,,,,
61,141,97,305,54,126,,,
63,141,96,305,,,,,
61,136,97,305,265,141,754.97,,
63,140,96,305,272,130,,,
62,137,97,305,,,,,
62,137,95,305,,,,,
63,141,95,305,,,,,
62,137,96,305,,,,,
62,137,,,,,,,
63,139,,,,,,,
63,137,96,305,,,,,
63,143,,,,,,,
63,146,94,304,,,,,
62,141,94,304,,,,,
64,141,94,305,,,,,
62,139,94,304,,,,,
63,138,94,304,,,,,
63,139,93,304,,,,,
63,141,94,304,,,,,
63,141,94,304,,,,,
63,137,94,304,,,,,
64,137,93,304,,,,,
63,140,93,304,54,97,,,
63,137,93,304,54,84,,,
64,140,94,304,55,86,40.5,,
65,139,93,304,,,,,
65,141,93,304,274,135,801.91,,
64,142,94,303,,,,,
64,140,93,303,56,53,834.05,,
64,142,93,302,,,,,
65,143,93,301,,,,,
64,140,92,302,,,,,
64,141,92,301,,,,,
64,137,93,302,,,,,
65,138,93,301,,,,,
64,141,92,301,,,,,
64,136,93,301,,,,,
63,140,91,300,,,,,
63,140,91,301,279,128,,,
63,140,91,301,277,130,,,
63,138,91,301,,,,,
64,139,92,301,,,,,
65,140,90,301,67,85,,,
65,137,92,300,68,90,,,
63,138,90,300,67,98,47.68,,
63,140,91,300,68,111,77.01,,
62,136,91,299,69,116,66.4,,
62,138,90,299,71,130,70.5,,
63,138,90,299,71,140,88.31,,
63,138,90,298,72,149,69.77,,
63,138,90,298,74,160,74.12,,
63,139,90,298,75,170,77.76,,
63,138,90,298,76,178,66.4,,
64,136,91,297,78,190,74.12,,
63,140,90,297,77,200,80.76,,
63,137,91,297,79,206,58.79,,
63,136,90,298,79,216,59.11,,
64,136,90,298,80,222,58.79,,
65,140,90,297,81,230,51.84,,
64,137,90,298,82,238,59.11,,
64,140,90,297,82,245,55.13,,
64,140,90,298,83,252,51.47,,
63,137,92,297,84,252,26.65,84,252
63,136,91,298,83,250,7.33,,
63,135,91,298,84,249,11.0,,
63,134,91,298,84,248,8.16,,
63,137,91,297,85,247,8.16,,
64,136,91,298,85,245,11.57,,
64,139,91,298,85,246,3.67,,
64,139,91,298,85,245,0.0,,
64,136,91,298,86,244,8.16,,
64,135,91,297,85,243,7.33,,
64,134,91,298,86,244,0.0,,
65,136,91,298,87,246,13.11,,
65,136,91,297,87,246,8.16,,
65,137,91,298,88,248,8.16,,
65,141,91,297,88,250,15.1,,
66,137,92,298,89,251,11.57,,
65,136,91,297,89,252,8.16,,
65,136,91,298,89,256,18.34,,
66,137,91,297,89,257,18.34,,
65,140,90,297,89,260,14.67,,
66,137,91,298,90,263,22.29,,
66,136,91,298,90,266,22.29,,
66,135,91,297,91,269,22.29,,
66,135,91,298,,,,,
67,136,92,298,,,,,
67,135,92,297,,,,,
67,138,91,297,,,,,
68,135,92,298,,,,,
67,135,92,298,,,,,
67,135,92,299,,,,,
68,135,92,299,,,,,
68,135,92,300,,,,,
68,135,92,300,,,,,
68,135,91,300,,,,,
68,133,91,300,,,,,
68,134,91,300,,,,,
68,135,91,300,,,,,
68,135,90,300,,,,,
69,133,91,300,,,,,
69,133,91,300,,,,,
69,132,91,301,,,,,
68,134,90,300,,,,,
69,131,91,300,253,169,,,
69,130,89,300,270,159,,,
69,129,90,300,256,169,10.71,,
69,127,89,300,271,159,3.57,,
69,128,90,301,256,169,0.0,,
69,128,90,300,256,170,67.03,,
70,127,89,301,273,157,74.95,,
70,130,89,301,,,,,
70,127,89,300,,,,,
71,125,88,300,,,,,
71,130,88,300,,,,,
71,129,89,301,,,,,
71,128,88,301,,,,,
71,128,88,302,,,,,
71,129,87,302,,,,,
72,125,87,302,,,,,
72,124,87,302,,,,,
71,120,86,304,,,,,
73,128,86,304,,,,,
73,126,88,304,,,,,
73,121,87,304,,,,,
72,120,87,303,,,,,
72,115,87,304,,,,,
72,118,86,304,,,,,
71,118,85,304,,,,,
72,121,85,304,347,-71,,,
72,120,86,303,335,-41,,,
71,116,85,305,,,,,
72,119,84,306,,,,,
72,123,86,306,,,,,
72,120,86,307,,,,,
73,119,85,307,,,,,
72,115,84,308,,,,,
73,118,85,307,,,,,
73,116,85,307,,,,,
72,114,84,307,,,,,
73,115,84,307,,,,,
73,115,85,307,,,,,
73,112,83,306,,,,,
72,114,83,306,,,,,
72,110,85,307,,,,,
73,110,86,307,,,,,
73,110,86,306,,,,,
73,113,85,307,,,,,
73,113,85,307,,,,,
74,116,85,308,,,,,
73,113,86,307,,,,,
72,116,85,307,72,118,,,
74,113,85,308,,,,,
74,112,86,308,,,,,
73,110,86,307,,,,,
72,107,86,307,,,,,
73,107,87,307,,,,,
73,105,87,307,,,,,
72,102,86,307,,,,,
74,106,87,308,,,,,
72,102,86,307,,,,,
72,106,88,307,,,,,
72,104,87,307,,,,,
72,106,87,307,,,,,
72,104,88,307,,,,,
72,102,88,307,,,,,
72,102,88,307,,,,,
71,103,89,307,,,,,
71,101,88,307,,,,,
71,101,88,307,,,,,
70,103,89,307,,,,,
70,103,90,307,,,,,
70,101,90,307,,,,,
69,101,89,307,,,,,
69,99,89,307,,,,,
68,97,88,306,,,,,
69,97,89,307,,,,,
69,99,89,307,,,,,
69,106,89,307,,,,,
69,99,90,307,,,,,
68,106,89,307,,,,,
68,98,90,307,,,,,
69,97,89,306,,,,,
68,96,90,306,,,,,
68,96,91,306,,,,,
68,92,90,307,,,,,
67,90,90,306,,,,,
68,94,91,306,,,,,
68,90,89,307,,,,,
67,88,91,307,,,,,
67,93,90,306,,,,,
67,92,90,307,,,,,
67,90,90,307,,,,,
66,88,90,307,,,,,
67,96,90,307,,,,,
66,89,90,307,,,,,
66,89,89,307,,,,,
66,88,91,307,,,,,
66,93,91,307,,,,,
65,95,92,307,,,,,
65,83,91,307,,,,,
65,85,92,307,,,,,
64,89,91,307,,,,,
64,83,90,307,,,,,
64,81,91,307,,,,,
64,89,91,307,,,,,
64,83,90,307,,,,,
63,83,91,307,,,,,
63,85,91,307,,,,,
63,81,90,307,,,,,
63,85,91,307,97,298,,,
63,83,91,307,,,,,
63,81,90,307,,,,,
63,83,91,307,,,,,
63,83,92,307,,,,,
63,85,91,307,428,-23,,,
63,85,91,307,429,-30,,,
63,81,91,307,402,-7,109.78,,
63,81,92,307,403,-14,109.78,,
62,79,90,307,458,-69,302.71,,
62,79,91,307,442,-59,215.88,,
62,81,92,306,377,4,393.99,,
62,79,91,307,430,-50,54.07,,
62,81,92,307,368,4,32.12,,
62,79,91,307,416,-49,50.09,,
63,81,92,307,,,,,
62,81,91,307,346,21,358.19,,
62,80,91,307,,,,,
63,81,91,307,,,,,
63,81,91,307,,,,,
63,78,90,307,,,,,
62,84,90,306,,,,,
62,79,91,307,,,,,
62,82,89,307,,,,,
62,77,90,307,,,,,
62,77,90,306,,,,,
62,77,90,306,,,,,
61,77,89,306,,,,,
62,75,89,306,,,,,
61,75,89,306,,,,,
61,75,88,306,,,,,
61,75,87,307,,,,,
61,73,87,306,,,,,
61,73,87,306,,,,,
61,73,87,306,,,,,
61,73,86,306,,,,,
60,81,87,305,,,,,
60,80,86,305,,,,,
60,73,86,305,,,,,
60,73,86,304,321,-1,,,
59,73,86,304,325,-21,,,
59,73,85,304,325,-13,46.27,,
58,69,84,304,,,,,
58,69,84,303,358,-57,199.77,,
58,69,83,304,,,,,
58,69,83,303,,,,,
57,75,83,303,,,,,
57,75,,,,,,,
58,71,83,303,,,,,
58,68,82,302,,,,,
57,77,82,301,,,,,
57,77,81,300,,,,,
57,77,81,298,333,-27,,,
56,77,82,298,,,,,
56,70,82,296,,,,,
56,69,81,296,,,,,
56,70,82,294,,,,,
56,78,80,293,,,,,
56,69,80,291,,,,,
55,66,80,292,,,,,
55,66,80,292,,,,,
53,67,80,292,,,,,
54,64,80,291,,,,,
53,64,80,289,,,,,
54,66,78,289,412,-147,,,
53,62,77,288,,,,,
53,69,76,288,,,,,
53,69,76,288,,,,,
53,64,76,287,332,-35,,,
53,63,75,287,358,-56,,,
51,62,76,287,,,,,
53,62,76,285,,,,,
52,61,74,285,,,,,
52,64,74,283,,,,,
51,62,74,282,,,,,
52,62,73,281,421,-50,,,
52,62,,,,,,,
52,62,73,280,,,,,
52,63,72,279,,,,,
51,58,71,278,,,,,
51,59,71,278,,,,,
51,60,71,276,,,,,
51,61,69,276,,,,,
51,61,71,275,,,,,
51,61,70,274,43,-1,,,
51,63,70,273,,,,,
50,70,67,273,,,,,
50,71,67,272,,,,,
51,62,67,271,,,,,
51,62,67,271,,,,,
51,60,67,271,,,,,
51,60,66,270,,,,,
51,62,66,270,,,,,
51,60,66,270,,,,,
50,60,65,269,,,,,
51,58,65,268,,,,,
51,58,64,267,,,,,
50,58,64,266,,,,,
50,58,64,266,,,,,
50,56,63,265,,,,,
50,56,62,264,,,,,
50,56,62,263,,,,,
50,53,62,262,,,,,
50,60,61,263,,,,,
50,60,60,261,,,,,
49,53,60,259,,,,,
49,53,59,258,,,,,
49,51,59,257,,,,,
49,58,58,258,,,,,
49,51,59,256,,,,,
49,60,57,256,,,,,
48,51,57,255,,,,,
49,51,57,255,,,,,
47,51,57,255,,,,,
50,55,57,254,,,,,
47,51,56,253,,,,,
48,58,56,254,,,,,
48,49,55,253,,,,,
46,49,54,253,,,,,
46,51,55,252,,,,,
46,47,54,251,,,,,
47,49,54,249,,,,,
47,49,53,248,,,,,
46,48,53,249,,,,,
47,49,52,246,,,,,
46,48,52,247,,,,,
47,49,52,245,,,,,
46,47,51,245,,,,,
46,56,50,245,,,,,
47,47,50,242,,,,,
47,46,50,241,,,,,
47,46,50,240,,,,,
48,46,49,239,,,,,
48,46,48,238,,,,,
48,54,48,239,,,,,
48,46,48,237,,,,,
47,46,48,238,,,,,
48,46,48,237,,,,,
48,46,47,236,,,,,
47,46,47,237,,,,,
48,46,47,236,,,,,
47,46,47,236,,,,,
48,46,46,234,,,,,
48,51,46,234,,,,,
48,44,46,233,,,,,
48,41,45,231,,,,,
47,41,45,231,,,,,
48,50,45,232,,,,,
46,41,45,231,,,,,
47,40,44,229,,,,,
47,41,44,227,,,,,
50,58,44,228,,,,,
47,49,42,227,,,,,
50,58,43,227,,,,,
49,46,43,224,,,,,
49,46,42,223,,,,,
45,41,40,222,,,,,
48,46,41,221,,,,,
45,41,40,222,,,,,
46,41,40,220,,,,,
48,46,40,218,,,,,
44,39,39,220,,,,,
44,41,39,219,,,,,
45,41,38,218,,,,,
48,48,39,219,,,,,
44,41,38,218,,,,,
45,41,38,217,,,,,
45,44,38,218,,,,,
45,43,37,216,,,,,
43,38,37,216,,,,,
42,36,36,215,,,,,
44,36,37,215,47,31,,,
44,36,36,213,47,26,,,
47,44,37,211,48,26,18.68,,
47,45,37,213,,,,,
47,44,36,211,,,,,
45,40,35,211,,,,,
34,208,,,,,,,
45,39,33,207,,,,,
44,36,34,207,,,,,
49,50,35,208,308,-42,,,
44,38,33,207,,,,,
47,53,34,209,25,165,1263.41,,
43,36,32,205,,,,,
45,39,32,204,,,,,
46,43,32,205,,,,,
46,39,32,203,,,,,
46,49,32,205,,,,,
46,41,31,202,,,,,
46,43,32,203,,,,,
50,52,33,204,,,,,
48,46,32,203,,,,,
47,43,31,202,,,,,
47,43,31,203,,,,,
45,38,30,200,,,,,
45,38,29,198,,,,,
46,39,30,197,,,,,
47,39,29,197,,,,,
47,39,29,195,,,,,
45,38,28,196,,,,,
46,38,28,196,,,,,
46,39,28,196,,,,,
46,38,27,195,,,,,
48,41,27,192,,,,,
46,39,26,192,,,,,
48,39,28,193,,,,,
48,39,27,192,,,,,
47,39,27,193,,,,,
47,38,26,193,,,,,
47,41,26,191,,,,,
48,41,26,190,,,,,
49,50,26,193,,,,,
49,44,25,190,13,155,,,
49,44,26,189,,,,,
49,44,25,188,,,,,
49,44,25,187,,,,,
49,41,25,189,,,,,
49,44,25,188,,,,,
48,43,24,188,,,,,
49,46,25,187,,,,,
49,46,24,186,,,,,
49,46,24,185,,,,,
49,46,24,185,,,,,
49,46,24,184,,,,,
49,46,25,185,,,,,
49,44,24,186,,,,,
49,50,24,187,,,,,
49,50,25,187,,,,,
50,53,25,188,,,,,
50,53,25,186,,,,,
49,50,25,187,,,,,
49,44,,,,,,,
49,51,,,,,,,
49,50,,,,,,,
50,52,,,,,,,
49,48,,,,,,,
48,46,,,,,,,
49,48,,,,,,,
49,48,,,,,,,
49,48,,,,,,,
49,48,,,,,,,
49,49,,,,,,,
48,46,,,,,,,
51,63,,,,,,,
52,53,24,183,,,,,
48,46,23,185,,,,,
49,44,24,186,,,,,
50,47,23,183,,,,,
50,48,23,188,,,,,
48,48,22,184,,,,,
50,56,24,188,,,,,
49,48,23,186,,,,,
52,52,25,189,,,,,
52,55,25,187,,,,,
49,49,23,189,,,,,
50,51,23,188,,,,,
50,53,23,188,,,,,
51,53,24,187,,,,,
51,51,24,189,,,,,
51,53,24,187,,,,,
51,60,25,191,,,,,
51,60,25,191,,,,,
52,60,24,191,,,,,
51,58,24,191,,,,,
51,60,24,191,,,,,
52,61,25,191,,,,,
52,53,24,189,,,,,
52,53,25,189,,,,,
51,60,25,194,,,,,
51,52,25,193,,,,,
51,53,25,192,,,,,
51,53,26,194,,,,,
51,54,26,193,,,,,
52,55,26,194,,,,,
51,51,26,194,,,,,
54,61,29,195,,,,,
51,60,27,195,,,,,
51,60,,,,,,,
51,60,,,,,,,
52,62,,,,,,,
51,49,,,,,,,
50,53,,,47,12,,,
51,56,,,,,,,
49,48,,,433,-88,1425.45,,
51,56,,,,,,,
51,56,30,199,,,,,
51,57,31,199,,,,,
52,56,32,199,,,,,
51,51,31,197,,,,,
53,54,33,200,,,,,
51,51,31,198,,,,,
51,50,32,199,,,,,
51,51,32,197,,,,,
51,53,32,198,,,,,
51,53,33,198,,,,,
51,53,33,198,,,,,
49,51,33,202,,,,,
49,53,34,203,,,,,
50,58,35,204,,,,,
50,58,35,205,,,,,
50,58,35,205,,,,,
50,58,35,205,,,,,
50,50,35,203,,,,,
50,59,36,204,,,,,
50,60,36,204,,,,,
53,50,37,202,,,,,
52,50,37,204,,,,,
50,50,36,205,,,,,
50,51,37,203,,,,,
50,50,38,206,,,,,
52,50,39,205,,,,,
49,50,38,206,,,,,
49,50,38,205,,,,,
50,52,39,206,,,,,
49,50,39,206,,,,,
50,51,39,205,,,,,
52,63,40,207,,,,,
48,51,39,208,,,,,
48,52,40,206,,,,,
49,50,40,207,,,,,
49,58,41,210,,,,,
49,50,41,208,,,,,
48,58,41,210,,,,,
51,63,43,209,,,,,
49,51,42,208,,,,,
48,50,42,208,,,,,
51,64,44,211,,,,,
50,52,44,210,,,,,
49,57,43,213,,,,,
48,55,44,212,,,,,
47,63,44,216,,,,,
47,63,44,217,,,,,
49,57,45,217,,,,,
48,61,45,218,,,,,
49,65,45,219,,,,,
47,51,45,216,,,,,
48,50,46,217,,,,,
46,49,46,218,,,,,
50,48,47,217,,,,,
48,50,46,217,,,,,
48,51,46,216,,,,,
48,56,47,217,,,,,
48,50,47,218,,,,,
48,51,47,217,,,,,
48,55,48,220,,,,,
48,50,48,220,,,,,
50,55,49,218,,,,,
47,51,48,220,,,,,
48,49,49,220,,,,,
47,58,48,221,,,,,
50,49,50,218,,,,,
48,51,50,219,,,,,
48,47,50,220,52,34,,,
48,47,50,221,49,34,,,
48,49,50,221,49,36,12.98,,
46,47,50,223,,,,,
49,56,51,222,,,,,
50,60,51,223,,,,,
48,49,51,222,,,,,
48,49,,,,,,,
47,48,,,,,,,
48,48,53,224,,,,,
48,42,53,227,,,,,
47,46,53,229,,,,,
49,56,53,229,,,,,
49,57,54,229,,,,,
49,58,53,229,,,,,
49,58,54,231,,,,,
48,51,55,231,,,,,
48,51,55,230,,,,,
49,51,55,230,,,,,
49,51,55,231,,,,,
49,51,56,231,,,,,
50,51,56,230,,,,,
50,51,56,230,320,-13,,,
48,51,56,231,,,,,
48,51,56,232,,,,,
50,50,56,232,,,,,
50,50,57,232,,,,,
50,51,57,232,,,,,
48,49,57,233,,,,,
48,48,58,233,,,,,
49,51,58,235,,,,,
49,48,58,234,,,,,
49,48,58,234,45,31,,,
49,48,59,234,46,31,,,
49,48,59,234,45,25,22.0,,
49,48,59,235,,,,,
50,49,60,235,,,,,
50,48,60,236,,,,,
50,48,60,237,63,231,,,
50,48,60,239,,,,,
50,49,61,238,,,,,
50,49,61,240,,,,,
49,48,61,241,,,,,
50,49,61,239,,,,,
50,49,61,240,,,,,
50,51,61,241,,,,,
49,49,61,244,,,,,
50,51,62,243,,,,,
51,59,62,244,,,,,
50,56,62,243,375,-120,,,
49,51,62,243,,,,,
49,51,64,241,,,,,
50,59,62,243,,,,,
49,51,62,243,,,,,
49,53,63,245,,,,,
50,58,63,246,,,,,
49,51,63,246,,,,,
50,59,64,247,,,,,
50,59,64,247,,,,,
49,51,64,246,,,,,
50,57,64,247,,,,,
50,57,64,248,,,,,
50,49,65,248,,,,,
50,49,65,248,324,-42,,,
48,49,66,249,,,,,
49,56,65,249,,,,,
49,57,66,250,,,,,
49,56,66,250,377,-122,,,
49,57,66,251,329,-54,,,
49,57,67,252,314,-30,405.44,,
49,57,67,253,319,-38,68.68,,
49,48,68,253,,,,,
49,48,68,255,,,,,
49,57,68,256,65,250,,,
47,48,68,256,65,250,,,
48,56,67,257,65,254,14.67,,
48,48,69,256,66,255,18.68,,
48,49,,,65,255,3.67,,
48,49,69,256,65,255,3.57,,
48,49,69,255,65,254,3.67,,
48,47,68,256,64,253,8.16,,
49,57,69,256,,,,,
48,56,68,256,,,,,
48,56,68,256,,,,,
48,56,68,257,,,,,
48,55,69,259,342,-54,,,
48,54,69,259,,,,,
48,47,70,259,,,,,
48,46,70,260,,,,,
47,46,70,262,,,,,
48,46,70,262,68,262,,,
48,44,70,262,,,,,
48,45,70,261,,,,,
48,45,70,260,,,,,
47,44,70,261,,,,,
48,46,71,261,,,,,
49,46,71,260,,,,,
49,46,70,261,,,,,
49,45,70,262,,,,,
49,46,71,263,,,,,
49,46,71,265,,,,,
50,46,72,266,,,,,
50,46,72,267,,,,,
49,46,72,267,,,,,
49,46,72,267,,,,,
49,46,72,268,,,,,
49,46,72,268,73,270,,,
49,46,72,268,,,,,
49,46,72,267,72,267,11.57,,
50,46,72,267,72,266,,,
50,47,72,267,,,,,
49,45,71,268,,,,,
49,44,70,268,,,,,
49,43,71,269,,,,,
49,44,71,270,,,,,
50,42,72,272,,,,,
50,42,72,273,,,,,
49,44,72,273,,,,,
49,39,71,274,,,,,
50,49,72,274,,,,,
49,39,72,275,,,,,
49,42,73,275,,,,,
50,46,73,276,72,277,,,
49,45,72,275,73,279,,,
49,41,73,275,74,279,10.23,,
48,47,72,275,,,,,
48,41,73,276,73,276,11.57,,
49,41,73,276,,,,,
49,41,73,277,,,,,
48,47,72,278,,,,,
48,47,72,280,,,,,
46,41,73,280,,,,,
48,40,72,279,,,,,
48,41,73,280,,,,,
48,41,73,281,,,,,
48,41,73,281,,,,,
48,50,73,281,72,276,,,
51,54,73,281,,,,,
47,39,73,283,,,,,
46,41,73,282,75,284,,,
47,38,73,283,76,286,,,
47,44,73,283,76,286,8.16,,
47,48,73,283,,,,,
47,39,74,284,76,284,7.33,,
47,48,73,285,,,,,
45,36,74,286,77,282,8.16,,
47,44,73,288,,,,,
47,44,73,288,,,,,
47,44,73,288,,,,,
45,33,74,289,,,,,
45,36,74,289,,,,,
47,36,75,289,,,,,
46,36,75,290,,,,,
47,39,75,290,,,,,
47,39,75,289,79,287,,,
47,39,74,289,78,288,,,
47,39,75,290,80,290,11.57,,
47,36,74,290,79,291,11.57,79,291
47,39,76,290,80,290,0.0,,
47,48,75,291,80,288,11.57,,
48,39,76,291,80,286,14.67,,
48,46,75,295,80,287,3.67,,
47,38,76,295,80,284,7.33,,
47,39,75,295,,,,,
47,39,75,293,,,,,
48,51,75,295,,,,,
52,54,75,296,,,,,
49,46,,,,,,,
49,46,77,295,84,288,,,
